config_id,kernel_symbol,n_calls,mean_us,p50_us,p95_us,total_ms
all-beta,"kernel_cutlass__kernel_vllmv1attentionbackendscute_pagedkernelDecodeKernel_object_at__tensorptrbf16_gmem_o_1___tensorptri32_gmem_o_i641_tensorptri32_gmem_o_1_tensorptrbf16_gmem_o_1________0",12240,17106.305,17166.833,17806.138,209381.173
all-beta,"kernel_cutlass__kernel_phase_0_to_4_vllmv1attentionbackendscute_pagedphase_e_kernelPhaseE_Beta_Kernel_object_at_________tensorptrbf16_gmem_o_1___tensorptri32_gmem_o_i641_tensorptri32_gmem_0",4080,40829.264,40895.356,41405.790,166583.397
all-beta,"std::enable_if<!(false), void>::type internal::gemvx::kernel<int, int, __nv_bfloat16, __nv_bfloat16, __nv_bfloat16, float, false, true, true, false, 7, false, cublasGemvParamsEx<int, cublasGemvTensorStridedBatched<__nv_bfloat16 const>, cublasGemvTensorStridedBatched<__nv_bfloat16 const>, cublasGemvTensorStridedBatched<__nv_bfloat16>, float> >(cublasGemvParamsEx<int, cublasGemvTensorStridedBatched<__nv_bfloat16 const>, cublasGemvTensorStridedBatched<__nv_bfloat16 const>, cublasGemvTensorStridedBatched<__nv_bfloat16>, float>)",147904,393.920,244.290,649.925,58262.367
all-beta,"_ZN7cutlass13device_kernelINS_4gemm6kernel13GemmUniversalIN4cute5tupleIJiiiiEEENS1_10collective13CollectiveMmaINS1_42MainloopSm120TmaWarpSpecializedBlockScaledILi2ELi3ENS5_IJNS4_1CILi1EEESB_SB_EEENS1_51KernelTmaWarpSpecializedCooperativeBlockScaledSm120ILi3EEEEENS5_IJNSA_ILi128EEESG_NSA_ILi256EEEEEENS5_IJNS_12float_e2m1_tENS_13float_ue4m3_tEEEENS5_IJNS5_IJlSB_lEEENS4_6LayoutINS5_IJNS5_IJNS5_IJNSA_ILi32EEENSA_ILi4EEEEEEiEEENS5_IJNS5_IJNSA_ILi16EEESP_EEEiEEENS5_IJSB_iEEEEEENS5_IJSU_NS5_IJNS5_IJNSA_ILi0EEESB_EEENSA_ILi512EEEEEENS5_IJSX_iEEEEEEEEEEESL_S14_NS4_8TiledMMAINS4_8MMA_AtomIJNS4_5SM12011BLOCKSCALED19SM120_16x8x64_TN_VSISJ_SJ_fSK_Li16EEEEEENSN_INS5_IJSP_NSA_ILi2EEESB_EEENS5_IJSB_SP_SX_EEEEENS5_IJSG_NSN_INS5_IJNSA_ILi8EEES1C_S1C_EEENS5_IJSB_SS_S1G_EEEEENSA_ILi64EEEEEEEENS5_IJNS4_13SM90_TMA_LOADES1N_EEENS5_IJNS4_14ComposedLayoutINS4_7SwizzleILi3ELi4ELi3EEENS4_18smem_ptr_flag_bitsILi4EEENSN_INS5_IJS1G_SH_EEENS5_IJSH_SB_EEEEEEENSN_INS5_IJNS5_IJSQ_SB_EEENS5_IJST_SB_SP_EEEEEENS5_IJNS5_IJST_SZ_EEENS5_IJSY_SP_SZ_EEEEEEEEEEENS5_IJNS4_9Copy_AtomIJNS4_17SM75_U32x4_LDSM_NENS_15integer_subbyteILi4ELb0EEEEEENS26_IJNS4_13UniversalCopyISK_SK_EESK_EEEEEENS4_8identityES1O_S25_S2E_S2F_EENS_8epilogue10collective18CollectiveEpilogueINS2H_22Sm90TmaWarpSpecializedILi3ELi2ELi4ELb1ELb0EEEJSI_NS5_IJS1K_SO_EEENS_10bfloat16_tESM_S2N_SM_NS2H_6fusion15FusionCallbacksINS2H_23Sm120TmaWarpSpecializedILi3ELi2ELi4ELb1ELb0EEENS2O_17LinearCombinationIS2N_fS2N_fLNS_15FloatRoundStyleE2EEESI_S2M_JEEES1N_NS1P_INS1Q_ILi2ELi4ELi3EEENS1S_ILi16EEENSN_INS5_IJS1G_SO_EEENS5_IJSO_SB_EEEEEEENS4_17SM75_U32x2_LDSM_NENS4_14SM90_TMA_STOREES31_NS4_17SM90_U32x2_STSM_NENS26_IJS34_NS_6half_tEEEEvEEEvvEEEEvNT_6ParamsE",139232,316.065,256.067,447.812,44006.430
all-beta,"void at::native::elementwise_kernel<128, 4, at::native::gpu_kernel_impl_nocast<at::native::direct_copy_kernel_cuda(at::TensorIteratorBase&)::{lambda()#3}::operator()() const::{lambda()#1}::operator()() const::{lambda(unsigned char)#1}>(at::TensorIteratorBase&, at::native::direct_copy_kernel_cuda(at::TensorIteratorBase&)::{lambda()#3}::operator()() const::{lambda()#1}::operator()() const::{lambda(unsigned char)#1} const&)::{lambda(int)#1}>(int, at::native::gpu_kernel_impl_nocast<at::native::direct_copy_kernel_cuda(at::TensorIteratorBase&)::{lambda()#3}::operator()() const::{lambda()#1}::operator()() const::{lambda(unsigned char)#1}>(at::TensorIteratorBase&, at::native::direct_copy_kernel_cuda(at::TensorIteratorBase&)::{lambda()#3}::operator()() const::{lambda()#1}::operator()() const::{lambda(unsigned char)#1} const&)::{lambda(int)#1})",256,6009.483,6030.035,6090.484,1538.428
all-beta,"fused_recurrent_gated_delta_rule_packed_decode_kernel",48960,17.950,17.888,18.593,878.818
all-beta,"void vllm::cvt_fp16_to_fp4<__nv_bfloat16, false>(int, int, int, __nv_bfloat16 const*, float const*, unsigned int*, unsigned int*)",90208,2.272,2.048,3.808,204.995
all-beta,"nvjet_sm121_tst_mma_128x96x64_3_64x24x64_tmaAB_bz_TNNN",192,752.237,741.830,818.983,144.430
all-beta,"_causal_conv1d_update_kernel",48960,2.493,2.464,2.688,122.034
all-beta,"triton_red_fused__to_copy_add_copy__mean_mul_pow_rsqrt_4",49152,2.403,2.400,2.560,118.098
all-beta,"triton_red_fused__to_copy_add_mean_mul_pow_rsqrt_scaled_fp4_quant_zeros_3",49152,1.945,1.920,2.016,95.624
all-beta,"void vllm::silu_mul_cvt_fp16_to_fp4<__nv_bfloat16, false>(int, int, int, __nv_bfloat16 const*, float const*, unsigned int*, unsigned int*)",49152,1.866,1.856,2.016,91.735
all-beta,"triton_poi_fused_5",49152,1.322,0.768,2.560,64.956
all-beta,"void cutlass::Kernel2<cutlass_80_wmma_tensorop_bf16_s161616gemm_bf16_32x32_128x1_tn_align2>(cutlass_80_wmma_tensorop_bf16_s161616gemm_bf16_32x32_128x1_tn_align2::Params)",192,309.350,307.011,333.155,59.395
all-beta,"triton_per_fused_1",49152,1.083,1.056,1.120,53.223
all-beta,"triton_poi_fused__to_copy__unsafe_view_add_clone_mean_mm_mul_pow_rsqrt_silu_t_view_2",49152,0.850,0.832,0.896,41.783
all-beta,"void vllm::reshape_and_cache_flash_kernel<__nv_bfloat16, unsigned char, (vllm::Fp8KVCacheDataType)1>(__nv_bfloat16 const*, __nv_bfloat16 const*, unsigned char*, unsigned char*, long const*, long, long, long, long, long, int, int, int, float const*, float const*, int)",16384,2.347,2.336,2.432,38.447
all-beta,"memcpy32_post",44880,0.803,0.736,1.024,36.054
all-beta,"triton_poi_fused_0",49152,0.725,0.704,0.768,35.647
all-beta,"void at::native::vectorized_elementwise_kernel<4, at::native::FillFunctor<int>, std::array<char*, 1ul> >(int, at::native::FillFunctor<int>, std::array<char*, 1ul>)",50200,0.698,0.672,0.800,35.061
all-beta,"triton_red_fused__to_copy_add_mean_mul_pow_rsqrt_0",16384,2.064,1.984,2.272,33.814
all-beta,"_compute_slot_mapping_kernel",4096,8.148,8.224,8.544,33.375
all-beta,"triton_poi_fused__to_copy_add_cat_clone_mean_mul_pow_rsqrt_slice_split_split_with_sizes_sub_unsqueeze_view_8",16384,1.648,1.632,1.760,27.007
all-beta,"void at::native::elementwise_kernel<128, 2, at::native::gpu_kernel_impl_nocast<at::native::FillFunctor<float> >(at::TensorIteratorBase&, at::native::FillFunctor<float> const&)::{lambda(int)#1}>(int, at::native::gpu_kernel_impl_nocast<at::native::FillFunctor<float> >(at::TensorIteratorBase&, at::native::FillFunctor<float> const&)::{lambda(int)#1})",25984,0.977,1.024,1.088,25.398
all-beta,"triton_poi_fused__to_copy_add_cat_mean_mul_pow_rsqrt_slice_split_split_with_sizes_sub_unsqueeze_view_10",16384,1.521,1.504,1.632,24.913
all-beta,"triton_poi_fused_zeros_6",32768,0.593,0.576,0.704,19.441
all-beta,"triton_poi_fused__to_copy_add_cat_mean_mul_pow_rsqrt_slice_split_with_sizes_view_11",16384,1.143,1.120,1.248,18.732
all-beta,"triton_poi_fused__to_copy_add_cat_clone_mean_mul_pow_rsqrt_slice_split_split_with_sizes_view_9",16384,1.103,1.088,1.248,18.079
all-beta,"triton_poi_fused_mul_silu_slice_0",12304,1.460,1.440,1.600,17.960
all-beta,"void at::native::vectorized_elementwise_kernel<4, at::native::FillFunctor<float>, std::array<char*, 1ul> >(int, at::native::FillFunctor<float>, std::array<char*, 1ul>)",24480,0.686,0.672,0.768,16.799
all-beta,"triton_red_fused_7",16384,1.011,0.992,1.120,16.559
all-beta,"triton_poi_fused_6",16384,0.994,0.960,1.152,16.286
all-beta,"_ZN7cutlass13device_kernelINS_4gemm6kernel13GemmUniversalIN4cute5tupleIJiiiiEEENS1_10collective13CollectiveMmaINS1_42MainloopSm120TmaWarpSpecializedBlockScaledILi4ELi3ENS5_IJNS4_1CILi1EEESB_SB_EEENS1_51KernelTmaWarpSpecializedCooperativeBlockScaledSm120ILi3EEEEENS5_IJNSA_ILi128EEESG_SG_EEENS5_IJNS_12float_e2m1_tENS_13float_ue4m3_tEEEENS5_IJNS5_IJlSB_lEEENS4_6LayoutINS5_IJNS5_IJNS5_IJNSA_ILi32EEENSA_ILi4EEEEEEiEEENS5_IJNS5_IJNSA_ILi16EEESO_EEEiEEENS5_IJSB_iEEEEEENS5_IJST_NS5_IJNS5_IJNSA_ILi0EEESB_EEENSA_ILi512EEEEEENS5_IJSW_iEEEEEEEEEEESK_S13_NS4_8TiledMMAINS4_8MMA_AtomIJNS4_5SM12011BLOCKSCALED19SM120_16x8x64_TN_VSISI_SI_fSJ_Li16EEEEEENSM_INS5_IJSO_NSA_ILi2EEESB_EEENS5_IJSB_SO_SW_EEEEENS5_IJSG_NSM_INS5_IJNSA_ILi8EEES1B_S1B_EEENS5_IJSB_SR_S1F_EEEEENSA_ILi64EEEEEEEENS5_IJNS4_13SM90_TMA_LOADES1M_EEENS5_IJNS4_14ComposedLayoutINS4_7SwizzleILi2ELi4ELi3EEENS4_18smem_ptr_flag_bitsILi4EEENSM_INS5_IJS1F_SG_EEENS5_IJSG_SB_EEEEEEENSM_INS5_IJNS5_IJSP_SB_EEENS5_IJSS_SB_S1B_EEEEEENS5_IJNS5_IJSS_SY_EEENS5_IJSX_SO_SY_EEEEEEEEEEENS5_IJNS4_9Copy_AtomIJNS4_17SM75_U32x4_LDSM_NENS_15integer_subbyteILi4ELb0EEEEEENS25_IJNS4_13UniversalCopyISJ_SJ_EESJ_EEEEEENS4_8identityES1N_S24_S2D_S2E_EENS_8epilogue10collective18CollectiveEpilogueINS2G_22Sm90TmaWarpSpecializedILi3ELi2ELi4ELb1ELb0EEEJSH_NS5_IJS1J_SN_EEENS_10bfloat16_tESL_S2M_SL_NS2G_6fusion15FusionCallbacksINS2G_23Sm120TmaWarpSpecializedILi3ELi2ELi4ELb1ELb0EEENS2N_17LinearCombinationIS2M_fS2M_fLNS_15FloatRoundStyleE2EEESH_S2L_JEEES1M_NS1O_IS1Q_NS1R_ILi16EEENSM_INS5_IJS1F_SN_EEENS5_IJSN_SB_EEEEEEENS4_17SM75_U32x2_LDSM_NENS4_14SM90_TMA_STOREES2Z_NS4_17SM90_U32x2_STSM_NENS25_IJS32_NS_6half_tEEEEvEEEvvEEEEvNT_6ParamsE",64,215.012,215.394,237.250,13.761
all-beta,"triton_poi_fused_1",16384,0.785,0.768,0.832,12.853
all-beta,"triton_poi_fused_zeros_2",16384,0.608,0.576,0.768,9.954
all-beta,"_ZN7cutlass13device_kernelINS_4gemm6kernel13GemmUniversalIN4cute5tupleIJiiiiEEENS1_10collective13CollectiveMmaINS1_42MainloopSm120TmaWarpSpecializedBlockScaledILi3ELi3ENS5_IJNS4_1CILi1EEESB_SB_EEENS1_51KernelTmaWarpSpecializedCooperativeBlockScaledSm120ILi3EEEEENS5_IJNSA_ILi128EEENSA_ILi256EEESG_EEENS5_IJNS_12float_e2m1_tENS_13float_ue4m3_tEEEENS5_IJNS5_IJlSB_lEEENS4_6LayoutINS5_IJNS5_IJNS5_IJNSA_ILi32EEENSA_ILi4EEEEEEiEEENS5_IJNS5_IJNSA_ILi16EEESP_EEEiEEENS5_IJSB_iEEEEEENS5_IJSU_NS5_IJNS5_IJNSA_ILi0EEESB_EEENSA_ILi512EEEEEENS5_IJSX_iEEEEEEEEEEESL_S14_NS4_8TiledMMAINS4_8MMA_AtomIJNS4_5SM12011BLOCKSCALED19SM120_16x8x64_TN_VSISJ_SJ_fSK_Li16EEEEEENSN_INS5_IJSP_NSA_ILi2EEESB_EEENS5_IJSB_SP_SX_EEEEENS5_IJSG_NSN_INS5_IJNSA_ILi8EEES1C_S1C_EEENS5_IJSB_SS_S1G_EEEEENSA_ILi64EEEEEEEENS5_IJNS4_13SM90_TMA_LOADES1N_EEENS5_IJNS4_14ComposedLayoutINS4_7SwizzleILi2ELi4ELi3EEENS4_18smem_ptr_flag_bitsILi4EEENSN_INS5_IJS1G_SG_EEENS5_IJSG_SB_EEEEEEENSN_INS5_IJNS5_IJSQ_SB_EEENS5_IJST_SB_S1C_EEEEEENS5_IJNS5_IJST_SZ_EEENS5_IJSY_SP_SZ_EEEEEEEEEEENS5_IJNS4_9Copy_AtomIJNS4_17SM75_U32x4_LDSM_NENS_15integer_subbyteILi4ELb0EEEEEENS26_IJNS4_13UniversalCopyISK_SK_EESK_EEEEEENS4_8identityES1O_NS5_IJS1X_NSN_INS5_IJNS5_IJSQ_S1C_EEES1Z_EEENS5_IJS21_NS5_IJSY_SP_NSA_ILi1024EEEEEEEEEEEEEES2E_S2F_EENS_8epilogue10collective18CollectiveEpilogueINS2O_22Sm90TmaWarpSpecializedILi3ELi2ELi4ELb1ELb0EEEJSI_NS5_IJS1K_SO_EEENS_10bfloat16_tESM_S2U_SM_NS2O_6fusion15FusionCallbacksINS2O_23Sm120TmaWarpSpecializedILi3ELi2ELi4ELb1ELb0EEENS2V_17LinearCombinationIS2U_fS2U_fLNS_15FloatRoundStyleE2EEESI_S2T_JEEES1N_NS1P_IS1R_NS1S_ILi16EEENSN_INS5_IJS1G_SO_EEENS5_IJSO_SB_EEEEEEENS4_17SM75_U32x2_LDSM_NENS4_14SM90_TMA_STOREES37_NS4_17SM90_U32x2_STSM_NENS26_IJS3A_NS_6half_tEEEEvEEEvvEEEEvNT_6ParamsE",64,142.349,145.602,150.017,9.110
all-beta,"triton_red_fused__to_copy_add_embedding_mean_mul_pow_rsqrt_0",1024,6.188,6.176,6.400,6.336
all-beta,"void at::native::index_elementwise_kernel<128, 4, at::native::gpu_index_kernel<at::native::index_kernel_impl<at::native::OpaqueType<4> >(at::TensorIteratorBase&, c10::ArrayRef<long>, c10::ArrayRef<long>)::{lambda(char*, char const*, long)#1}>(at::TensorIteratorBase&, c10::ArrayRef<long>, c10::ArrayRef<long>, at::native::index_kernel_impl<at::native::OpaqueType<4> >(at::TensorIteratorBase&, c10::ArrayRef<long>, c10::ArrayRef<long>)::{lambda(char*, char const*, long)#1} const&, bool)::{lambda(int)#1}>(long, at::native::gpu_index_kernel<at::native::index_kernel_impl<at::native::OpaqueType<4> >(at::TensorIteratorBase&, c10::ArrayRef<long>, c10::ArrayRef<long>)::{lambda(char*, char const*, long)#1}>(at::TensorIteratorBase&, c10::ArrayRef<long>, c10::ArrayRef<long>, at::native::index_kernel_impl<at::native::OpaqueType<4> >(at::TensorIteratorBase&, c10::ArrayRef<long>, c10::ArrayRef<long>)::{lambda(char*, char const*, long)#1} const&, bool)::{lambda(int)#1})",1216,5.074,2.657,17.985,6.171
all-beta,"void at::native::index_elementwise_kernel<128, 4, at::native::gpu_index_kernel<at::native::index_kernel_impl<at::native::OpaqueType<2> >(at::TensorIteratorBase&, c10::ArrayRef<long>, c10::ArrayRef<long>)::{lambda(char*, char const*, long)#1}>(at::TensorIteratorBase&, c10::ArrayRef<long>, c10::ArrayRef<long>, at::native::index_kernel_impl<at::native::OpaqueType<2> >(at::TensorIteratorBase&, c10::ArrayRef<long>, c10::ArrayRef<long>)::{lambda(char*, char const*, long)#1} const&, bool)::{lambda(int)#1}>(long, at::native::gpu_index_kernel<at::native::index_kernel_impl<at::native::OpaqueType<2> >(at::TensorIteratorBase&, c10::ArrayRef<long>, c10::ArrayRef<long>)::{lambda(char*, char const*, long)#1}>(at::TensorIteratorBase&, c10::ArrayRef<long>, c10::ArrayRef<long>, at::native::index_kernel_impl<at::native::OpaqueType<2> >(at::TensorIteratorBase&, c10::ArrayRef<long>, c10::ArrayRef<long>)::{lambda(char*, char const*, long)#1} const&, bool)::{lambda(int)#1})",1024,5.622,5.600,5.792,5.757
all-beta,"void at::native::reduce_kernel<512, 1, at::native::ReduceOp<float, at::native::ArgMaxOps<float>, unsigned int, long, 4, 4> >(at::native::ReduceOp<float, at::native::ArgMaxOps<float>, unsigned int, long, 4, 4>)",1024,5.589,5.536,5.856,5.723
all-beta,"void at::native::vectorized_elementwise_kernel<4, at::native::CUDAFunctor_add<int>, std::array<char*, 3ul> >(int, at::native::CUDAFunctor_add<int>, std::array<char*, 3ul>)",4096,1.203,1.248,1.472,4.929
all-beta,"void at::native::unrolled_elementwise_kernel<at::native::direct_copy_kernel_cuda(at::TensorIteratorBase&)::{lambda()#3}::operator()() const::{lambda()#4}::operator()() const::{lambda(long)#1}, std::array<char*, 2ul>, 4, TrivialOffsetCalculator<1, unsigned int>, TrivialOffsetCalculator<1, unsigned int>, at::native::memory::LoadWithCast<1>, at::native::memory::StoreWithCast<1> >(int, at::native::direct_copy_kernel_cuda(at::TensorIteratorBase&)::{lambda()#3}::operator()() const::{lambda()#4}::operator()() const::{lambda(long)#1}, std::array<char*, 2ul>, TrivialOffsetCalculator<1, unsigned int>, TrivialOffsetCalculator<1, unsigned int>, at::native::memory::LoadWithCast<1>, at::native::memory::StoreWithCast<1>)",2432,1.763,1.760,2.400,4.287
all-beta,"void at::native::unrolled_elementwise_kernel<at::native::direct_copy_kernel_cuda(at::TensorIteratorBase&)::{lambda()#3}::operator()() const::{lambda()#7}::operator()() const::{lambda(float)#1}, std::array<char*, 2ul>, 4, TrivialOffsetCalculator<1, unsigned int>, TrivialOffsetCalculator<1, unsigned int>, at::native::memory::LoadWithCast<1>, at::native::memory::StoreWithCast<1> >(int, at::native::direct_copy_kernel_cuda(at::TensorIteratorBase&)::{lambda()#3}::operator()() const::{lambda()#7}::operator()() const::{lambda(float)#1}, std::array<char*, 2ul>, TrivialOffsetCalculator<1, unsigned int>, TrivialOffsetCalculator<1, unsigned int>, at::native::memory::LoadWithCast<1>, at::native::memory::StoreWithCast<1>)",1344,3.067,2.944,4.000,4.122
all-beta,"void at::native::unrolled_elementwise_kernel<at::native::CUDAFunctor_add<int>, std::array<char*, 3ul>, 4, TrivialOffsetCalculator<2, unsigned int>, TrivialOffsetCalculator<1, unsigned int>, at::native::memory::LoadWithoutCast, at::native::memory::StoreWithoutCast>(int, at::native::CUDAFunctor_add<int>, std::array<char*, 3ul>, TrivialOffsetCalculator<2, unsigned int>, TrivialOffsetCalculator<1, unsigned int>, at::native::memory::LoadWithoutCast, at::native::memory::StoreWithoutCast)",3072,0.981,0.928,1.216,3.014
all-beta,"void at::native::index_elementwise_kernel<128, 4, at::native::gpu_index_kernel<at::native::index_put_kernel_impl<at::native::OpaqueType<4> >(at::TensorIterator&, c10::ArrayRef<long>, c10::ArrayRef<long>)::{lambda(char*, char const*, long)#1}>(at::TensorIteratorBase&, c10::ArrayRef<long>, c10::ArrayRef<long>, at::native::index_put_kernel_impl<at::native::OpaqueType<4> >(at::TensorIterator&, c10::ArrayRef<long>, c10::ArrayRef<long>)::{lambda(char*, char const*, long)#1} const&, bool)::{lambda(int)#1}>(long, at::native::gpu_index_kernel<at::native::index_put_kernel_impl<at::native::OpaqueType<4> >(at::TensorIterator&, c10::ArrayRef<long>, c10::ArrayRef<long>)::{lambda(char*, char const*, long)#1}>(at::TensorIteratorBase&, c10::ArrayRef<long>, c10::ArrayRef<long>, at::native::index_put_kernel_impl<at::native::OpaqueType<4> >(at::TensorIterator&, c10::ArrayRef<long>, c10::ArrayRef<long>)::{lambda(char*, char const*, long)#1} const&, bool)::{lambda(int)#1})",192,15.405,15.392,17.056,2.958
all-beta,"void at::native::vectorized_elementwise_kernel<4, at::native::FillFunctor<unsigned int>, std::array<char*, 1ul> >(int, at::native::FillFunctor<unsigned int>, std::array<char*, 1ul>)",4080,0.702,0.704,0.705,2.862
all-beta,"chunk_gated_delta_rule_fwd_kernel_h_blockdim64",192,9.566,9.344,12.064,1.837
all-beta,"nvjet_sm121_tst_mma_192x16x64_3_32x16x64_tmaAB_splitK_TNNN",192,8.039,8.000,8.608,1.543
all-beta,"void at::native::unrolled_elementwise_kernel<at::native::direct_copy_kernel_cuda(at::TensorIteratorBase&)::{lambda()#3}::operator()() const::{lambda()#3}::operator()() const::{lambda(int)#1}, std::array<char*, 2ul>, 4, TrivialOffsetCalculator<1, unsigned int>, TrivialOffsetCalculator<1, unsigned int>, at::native::memory::LoadWithCast<1>, at::native::memory::StoreWithCast<1> >(int, at::native::direct_copy_kernel_cuda(at::TensorIteratorBase&)::{lambda()#3}::operator()() const::{lambda()#3}::operator()() const::{lambda(int)#1}, std::array<char*, 2ul>, TrivialOffsetCalculator<1, unsigned int>, TrivialOffsetCalculator<1, unsigned int>, at::native::memory::LoadWithCast<1>, at::native::memory::StoreWithCast<1>)",1036,1.464,1.472,1.568,1.516
all-beta,"chunk_fwd_kernel_o",192,7.130,7.009,9.408,1.369
all-beta,"_causal_conv1d_fwd_kernel",192,6.762,6.720,7.072,1.298
all-beta,"void at::native::vectorized_elementwise_kernel<2, at::native::CUDAFunctor_add<long>, std::array<char*, 3ul> >(int, at::native::CUDAFunctor_add<long>, std::array<char*, 3ul>)",1024,1.243,1.216,1.376,1.273
all-beta,"merge_16x16_to_64x64_inverse_kernel",192,6.043,5.953,6.272,1.160
all-beta,"void at::native::elementwise_kernel<128, 2, at::native::gpu_kernel_impl_nocast<at::native::direct_copy_kernel_cuda(at::TensorIteratorBase&)::{lambda()#3}::operator()() const::{lambda()#4}::operator()() const::{lambda(long)#1}>(at::TensorIteratorBase&, at::native::direct_copy_kernel_cuda(at::TensorIteratorBase&)::{lambda()#3}::operator()() const::{lambda()#4}::operator()() const::{lambda(long)#1} const&)::{lambda(int)#1}>(int, at::native::gpu_kernel_impl_nocast<at::native::direct_copy_kernel_cuda(at::TensorIteratorBase&)::{lambda()#3}::operator()() const::{lambda()#4}::operator()() const::{lambda(long)#1}>(at::TensorIteratorBase&, at::native::direct_copy_kernel_cuda(at::TensorIteratorBase&)::{lambda()#3}::operator()() const::{lambda()#4}::operator()() const::{lambda(long)#1} const&)::{lambda(int)#1})",1024,1.108,1.024,1.504,1.135
all-beta,"void at::native::unrolled_elementwise_kernel<at::native::CUDAFunctorOnSelf_add<int>, std::array<char*, 2ul>, 4, TrivialOffsetCalculator<1, unsigned int>, TrivialOffsetCalculator<1, unsigned int>, at::native::memory::LoadWithoutCast, at::native::memory::StoreWithoutCast>(int, at::native::CUDAFunctorOnSelf_add<int>, std::array<char*, 2ul>, TrivialOffsetCalculator<1, unsigned int>, TrivialOffsetCalculator<1, unsigned int>, at::native::memory::LoadWithoutCast, at::native::memory::StoreWithoutCast)",1024,1.035,0.992,1.280,1.060
all-beta,"void at::native::elementwise_kernel<128, 2, at::native::gpu_kernel_impl_nocast<at::native::(anonymous namespace)::masked_fill_kernel(at::TensorIterator&, c10::Scalar const&)::{lambda()#1}::operator()() const::{lambda()#7}::operator()() const::{lambda(float, bool)#1}>(at::TensorIteratorBase&, at::native::(anonymous namespace)::masked_fill_kernel(at::TensorIterator&, c10::Scalar const&)::{lambda()#1}::operator()() const::{lambda()#7}::operator()() const::{lambda(float, bool)#1} const&)::{lambda(int)#1}>(int, at::native::gpu_kernel_impl_nocast<at::native::(anonymous namespace)::masked_fill_kernel(at::TensorIterator&, c10::Scalar const&)::{lambda()#1}::operator()() const::{lambda()#7}::operator()() const::{lambda(float, bool)#1}>(at::TensorIteratorBase&, at::native::(anonymous namespace)::masked_fill_kernel(at::TensorIterator&, c10::Scalar const&)::{lambda()#1}::operator()() const::{lambda()#7}::operator()() const::{lambda(float, bool)#1} const&)::{lambda(int)#1})",192,5.197,5.184,5.440,0.998
all-beta,"_zero_kv_blocks_kernel",4,213.186,213.762,215.170,0.853
all-beta,"void cutlass::Kernel2<cutlass_80_simt_sgemm_128x32_8x5_tn_align1>(cutlass_80_simt_sgemm_128x32_8x5_tn_align1::Params)",64,12.827,12.800,13.024,0.821
all-beta,"recompute_w_u_fwd_kernel",192,3.723,3.680,3.840,0.715
all-beta,"chunk_scaled_dot_kkt_fwd_kernel",192,3.310,3.296,3.456,0.636
all-beta,"void at::native::reduce_kernel<512, 1, at::native::ReduceOp<float, at::native::MeanOps<float, float, float, float>, unsigned int, float, 4, 4> >(at::native::ReduceOp<float, at::native::MeanOps<float, float, float, float>, unsigned int, float, 4, 4>)",64,7.793,7.745,8.032,0.499
all-beta,"void at::native::elementwise_kernel<128, 4, at::native::gpu_kernel_impl_nocast<at::native::direct_copy_kernel_cuda(at::TensorIteratorBase&)::{lambda()#3}::operator()() const::{lambda()#12}::operator()() const::{lambda(c10::BFloat16)#1}>(at::TensorIteratorBase&, at::native::direct_copy_kernel_cuda(at::TensorIteratorBase&)::{lambda()#3}::operator()() const::{lambda()#12}::operator()() const::{lambda(c10::BFloat16)#1} const&)::{lambda(int)#1}>(int, at::native::gpu_kernel_impl_nocast<at::native::direct_copy_kernel_cuda(at::TensorIteratorBase&)::{lambda()#3}::operator()() const::{lambda()#12}::operator()() const::{lambda(c10::BFloat16)#1}>(at::TensorIteratorBase&, at::native::direct_copy_kernel_cuda(at::TensorIteratorBase&)::{lambda()#3}::operator()() const::{lambda()#12}::operator()() const::{lambda(c10::BFloat16)#1} const&)::{lambda(int)#1})",192,2.508,2.592,2.944,0.482
all-beta,"_fused_post_conv_kernel",192,2.231,2.208,2.464,0.428
all-beta,"void cublasLt::splitKreduce_kernel<32, 16, int, float, __nv_bfloat16, float, __nv_bfloat16, false, float, __nv_bfloat16, __nv_bfloat16, true, false, false, false>(cublasLt::cublasSplitKParams<float>, float const*, __nv_bfloat16 const*, float*, __nv_bfloat16*, float const*, float const*, __nv_bfloat16 const*, float const*, __nv_bfloat16*, void*, long, float*, int*, float*, float*, float const*, float const*, float const*, float const*, float const*)",192,1.926,1.888,2.240,0.370
all-beta,"chunk_local_cumsum_scalar_kernel",192,1.715,1.665,1.920,0.329
all-beta,"void at::native::unrolled_elementwise_kernel<at::native::direct_copy_kernel_cuda(at::TensorIteratorBase&)::{lambda()#3}::operator()() const::{lambda()#12}::operator()() const::{lambda(c10::BFloat16)#1}, std::array<char*, 2ul>, 4, TrivialOffsetCalculator<1, unsigned int>, TrivialOffsetCalculator<1, unsigned int>, at::native::memory::LoadWithCast<1>, at::native::memory::StoreWithCast<1> >(int, at::native::direct_copy_kernel_cuda(at::TensorIteratorBase&)::{lambda()#3}::operator()() const::{lambda()#12}::operator()() const::{lambda(c10::BFloat16)#1}, std::array<char*, 2ul>, TrivialOffsetCalculator<1, unsigned int>, TrivialOffsetCalculator<1, unsigned int>, at::native::memory::LoadWithCast<1>, at::native::memory::StoreWithCast<1>)",128,2.450,2.752,2.880,0.314
all-beta,"void magma_sgemmEx_kernel<float, float, float, false, false, 6, 3, 5, 3, 3>(int, int, int, BatchedTensor, int, BatchedTensor, int, BatchedTensor, int, BatchedTensor, int, int, int, float const*, float const*, float, float, int, cublasLtEpilogue_t, int, void const*, long)",64,4.380,4.352,4.544,0.280
all-beta,"void at::native::elementwise_kernel<128, 2, at::native::gpu_kernel_impl_nocast<at::native::BinaryFunctor<float, float, float, at::native::binary_internal::MulFunctor<float> > >(at::TensorIteratorBase&, at::native::BinaryFunctor<float, float, float, at::native::binary_internal::MulFunctor<float> > const&)::{lambda(int)#1}>(int, at::native::gpu_kernel_impl_nocast<at::native::BinaryFunctor<float, float, float, at::native::binary_internal::MulFunctor<float> > >(at::TensorIteratorBase&, at::native::BinaryFunctor<float, float, float, at::native::binary_internal::MulFunctor<float> > const&)::{lambda(int)#1})",128,1.874,1.856,2.016,0.240
all-beta,"void at::native::vectorized_elementwise_kernel<4, at::native::bitwise_not_kernel_cuda(at::TensorIteratorBase&)::{lambda(bool)#1}, std::array<char*, 2ul> >(int, at::native::bitwise_not_kernel_cuda(at::TensorIteratorBase&)::{lambda(bool)#1}, std::array<char*, 2ul>)",192,1.098,1.088,1.248,0.211
all-beta,"void at::native::vectorized_elementwise_kernel<4, at::native::sigmoid_kernel_cuda(at::TensorIteratorBase&)::{lambda()#2}::operator()() const::{lambda()#4}::operator()() const::{lambda(c10::BFloat16)#1}, std::array<char*, 2ul> >(int, at::native::sigmoid_kernel_cuda(at::TensorIteratorBase&)::{lambda()#2}::operator()() const::{lambda()#4}::operator()() const::{lambda(c10::BFloat16)#1}, std::array<char*, 2ul>)",64,2.891,2.880,3.008,0.185
all-beta,"void at::native::vectorized_elementwise_kernel<4, at::native::CUDAFunctor_add<c10::BFloat16>, std::array<char*, 3ul> >(int, at::native::CUDAFunctor_add<c10::BFloat16>, std::array<char*, 3ul>)",64,2.853,2.848,3.488,0.183
all-beta,"void at::native::vectorized_elementwise_kernel<4, at::native::bfloat16_copy_kernel_cuda(at::TensorIteratorBase&)::{lambda(float)#1}, std::array<char*, 2ul> >(int, at::native::bfloat16_copy_kernel_cuda(at::TensorIteratorBase&)::{lambda(float)#1}, std::array<char*, 2ul>)",128,1.219,1.216,1.344,0.156
all-beta,"void at::native::vectorized_elementwise_kernel<4, at::native::FillFunctor<c10::BFloat16>, std::array<char*, 1ul> >(int, at::native::FillFunctor<c10::BFloat16>, std::array<char*, 1ul>)",192,0.788,0.736,0.992,0.151
all-beta,"void at::native::vectorized_elementwise_kernel<4, at::native::CUDAFunctorOnSelf_add<float>, std::array<char*, 2ul> >(int, at::native::CUDAFunctorOnSelf_add<float>, std::array<char*, 2ul>)",128,1.106,1.280,1.344,0.142
all-beta,"void at::native::vectorized_elementwise_kernel<4, at::native::AUnaryFunctor<c10::BFloat16, c10::BFloat16, c10::BFloat16, at::native::binary_internal::MulFunctor<float> >, std::array<char*, 2ul> >(int, at::native::AUnaryFunctor<c10::BFloat16, c10::BFloat16, c10::BFloat16, at::native::binary_internal::MulFunctor<float> >, std::array<char*, 2ul>)",128,1.060,1.088,1.152,0.136
all-beta,"void (anonymous namespace)::softmax_warp_forward<float, float, float, 5, false, false>(float*, float const*, int, int, int, bool const*, int, bool)",64,1.850,1.920,1.952,0.118
all-beta,"void at::native::vectorized_elementwise_kernel<4, at::native::(anonymous namespace)::pow_tensor_scalar_kernel_impl<float, float>(at::TensorIteratorBase&, float)::{lambda(float)#1}, std::array<char*, 2ul> >(int, at::native::(anonymous namespace)::pow_tensor_scalar_kernel_impl<float, float>(at::TensorIteratorBase&, float)::{lambda(float)#1}, std::array<char*, 2ul>)",64,1.612,1.632,1.728,0.103
all-beta,"void at::native::vectorized_elementwise_kernel<4, at::native::rsqrt_kernel_cuda(at::TensorIteratorBase&)::{lambda()#2}::operator()() const::{lambda()#2}::operator()() const::{lambda(float)#1}, std::array<char*, 2ul> >(int, at::native::rsqrt_kernel_cuda(at::TensorIteratorBase&)::{lambda()#2}::operator()() const::{lambda()#2}::operator()() const::{lambda(float)#1}, std::array<char*, 2ul>)",64,1.293,1.280,1.313,0.083
all-beta,"void at::native::vectorized_elementwise_kernel<4, at::native::BinaryFunctor<c10::BFloat16, c10::BFloat16, c10::BFloat16, at::native::binary_internal::MulFunctor<float> >, std::array<char*, 3ul> >(int, at::native::BinaryFunctor<c10::BFloat16, c10::BFloat16, c10::BFloat16, at::native::binary_internal::MulFunctor<float> >, std::array<char*, 3ul>)",64,1.252,1.248,1.376,0.080
all-beta,"void at::native::vectorized_elementwise_kernel<4, at::native::AUnaryFunctor<float, float, float, at::native::binary_internal::MulFunctor<float> >, std::array<char*, 2ul> >(int, at::native::AUnaryFunctor<float, float, float, at::native::binary_internal::MulFunctor<float> >, std::array<char*, 2ul>)",64,1.062,1.056,1.184,0.068
all-beta,"void at::native::vectorized_elementwise_kernel<4, at::native::compare_scalar_kernel<int>(at::TensorIteratorBase&, at::native::(anonymous namespace)::OpType, int)::{lambda(int)#1}, std::array<char*, 2ul> >(int, at::native::compare_scalar_kernel<int>(at::TensorIteratorBase&, at::native::(anonymous namespace)::OpType, int)::{lambda(int)#1}, std::array<char*, 2ul>)",12,1.224,1.185,1.408,0.015
